/*
SQLyog Ultimate v11.11 (64 bit)
MySQL - 5.7.15-0ubuntu0.16.04.1 : Database - ter4sberit4
*********************************************************************
*/

/*!40101 SET NAMES utf8 */;

/*!40101 SET SQL_MODE=''*/;

/*!40014 SET @OLD_UNIQUE_CHECKS=@@UNIQUE_CHECKS, UNIQUE_CHECKS=0 */;
/*!40014 SET @OLD_FOREIGN_KEY_CHECKS=@@FOREIGN_KEY_CHECKS, FOREIGN_KEY_CHECKS=0 */;
/*!40101 SET @OLD_SQL_MODE=@@SQL_MODE, SQL_MODE='NO_AUTO_VALUE_ON_ZERO' */;
/*!40111 SET @OLD_SQL_NOTES=@@SQL_NOTES, SQL_NOTES=0 */;
CREATE DATABASE /*!32312 IF NOT EXISTS*/`ter4sberit4` /*!40100 DEFAULT CHARACTER SET latin1 */;

USE `ter4sberit4`;

/*Table structure for table `bo_group` */

DROP TABLE IF EXISTS `bo_group`;

CREATE TABLE `bo_group` (
  `group_id` int(11) NOT NULL AUTO_INCREMENT,
  `group_alias` varchar(255) DEFAULT NULL,
  `isAdmin` tinyint(1) DEFAULT NULL,
  `isSupervisor` tinyint(1) DEFAULT NULL,
  PRIMARY KEY (`group_id`)
) ENGINE=InnoDB AUTO_INCREMENT=3 DEFAULT CHARSET=latin1;

/*Data for the table `bo_group` */

insert  into `bo_group`(`group_id`,`group_alias`,`isAdmin`,`isSupervisor`) values (1,'Administrator',1,1),(2,'Moderator',0,1);

/*Table structure for table `bo_logs` */

DROP TABLE IF EXISTS `bo_logs`;

CREATE TABLE `bo_logs` (
  `logs_id` int(11) NOT NULL AUTO_INCREMENT,
  `logs_action` varchar(50) DEFAULT NULL,
  `logs_desc` text,
  `user_id` int(11) DEFAULT NULL,
  `isSuccess` tinyint(1) DEFAULT NULL,
  `logs_timestamp` timestamp NOT NULL DEFAULT CURRENT_TIMESTAMP ON UPDATE CURRENT_TIMESTAMP,
  PRIMARY KEY (`logs_id`),
  KEY `user_id` (`user_id`),
  CONSTRAINT `bo_logs_ibfk_1` FOREIGN KEY (`user_id`) REFERENCES `bo_user` (`id`) ON DELETE CASCADE ON UPDATE CASCADE
) ENGINE=InnoDB DEFAULT CHARSET=latin1;

/*Data for the table `bo_logs` */

/*Table structure for table `bo_user` */

DROP TABLE IF EXISTS `bo_user`;

CREATE TABLE `bo_user` (
  `id` int(11) NOT NULL AUTO_INCREMENT,
  `username` varchar(255) DEFAULT NULL,
  `password_old` varchar(255) DEFAULT NULL,
  `password` varchar(255) DEFAULT NULL,
  `full_name` char(255) DEFAULT NULL,
  `email` varchar(255) DEFAULT NULL,
  `group_id` int(11) DEFAULT NULL,
  `date_create` timestamp NOT NULL DEFAULT CURRENT_TIMESTAMP,
  PRIMARY KEY (`id`),
  KEY `bo_user_ibfk_1` (`group_id`),
  CONSTRAINT `bo_user_ibfk_1` FOREIGN KEY (`group_id`) REFERENCES `bo_group` (`group_id`) ON DELETE CASCADE ON UPDATE CASCADE
) ENGINE=InnoDB AUTO_INCREMENT=3 DEFAULT CHARSET=latin1;

/*Data for the table `bo_user` */

insert  into `bo_user`(`id`,`username`,`password_old`,`password`,`full_name`,`email`,`group_id`,`date_create`) values (2,'theprogrammer','405e9bc94b09ffd77a7e26c1c9156c1f','405e9bc94b09ffd77a7e26c1c9156c1f','The Programmer','theprogrammer@gmail.com',1,'2016-09-14 13:43:51');

/*Table structure for table `fn_category` */

DROP TABLE IF EXISTS `fn_category`;

CREATE TABLE `fn_category` (
  `category_id` int(11) NOT NULL AUTO_INCREMENT,
  `category_alias` varchar(255) DEFAULT NULL,
  `is_active` tinyint(1) DEFAULT NULL,
  `category_timestamp` timestamp NOT NULL DEFAULT CURRENT_TIMESTAMP ON UPDATE CURRENT_TIMESTAMP,
  PRIMARY KEY (`category_id`)
) ENGINE=InnoDB AUTO_INCREMENT=8 DEFAULT CHARSET=latin1;

/*Data for the table `fn_category` */

insert  into `fn_category`(`category_id`,`category_alias`,`is_active`,`category_timestamp`) values (1,'Teras Sukabumi',1,'2016-09-18 19:07:17'),(2,'Teras Nasional',1,'2016-09-18 19:07:18'),(3,'Teras Cianjur',1,'2016-09-18 19:07:19'),(4,'Teras Kriminal',1,'2016-09-22 06:59:38'),(5,'Teras Ekomomi',1,'2016-09-22 06:59:55'),(6,'Teras Sehat',1,'2016-09-22 06:59:55'),(7,'Uncategorize',1,'2016-09-27 17:07:25');

/*Table structure for table `fn_fokus` */

DROP TABLE IF EXISTS `fn_fokus`;

CREATE TABLE `fn_fokus` (
  `fokus_id` int(11) NOT NULL AUTO_INCREMENT,
  `fokus_url` varchar(255) DEFAULT NULL,
  `fokus_name` varchar(255) DEFAULT NULL,
  `fokus_comment` text,
  `fokus_timestamp` timestamp NOT NULL DEFAULT CURRENT_TIMESTAMP ON UPDATE CURRENT_TIMESTAMP,
  `isActive` tinyint(1) DEFAULT NULL,
  PRIMARY KEY (`fokus_id`)
) ENGINE=InnoDB AUTO_INCREMENT=5 DEFAULT CHARSET=latin1;

/*Data for the table `fn_fokus` */

insert  into `fn_fokus`(`fokus_id`,`fokus_url`,`fokus_name`,`fokus_comment`,`fokus_timestamp`,`isActive`) values (1,'kasus-mirna','ini kasus mirna broh','Menguak tentang mirna','2016-09-22 07:09:32',1),(2,'kasus-aa-gatot','Kasus Aa Gatot','kasus aa gatot kita bahas disini','2016-09-22 21:26:06',1),(3,'kasus-amang-carli','Kasus Amang carli','kasus amang carli kita bahas disini','2016-09-22 21:25:52',1),(4,'kasus-hacker','Kasus hacket','menguak tentang hacker','2016-09-27 16:24:36',NULL);

/*Table structure for table `fn_indeph` */

DROP TABLE IF EXISTS `fn_indeph`;

CREATE TABLE `fn_indeph` (
  `indeph_id` int(11) NOT NULL AUTO_INCREMENT,
  `news_id` int(11) DEFAULT NULL,
  `indeph_timestamp` timestamp NOT NULL DEFAULT CURRENT_TIMESTAMP ON UPDATE CURRENT_TIMESTAMP,
  `date_from` datetime DEFAULT NULL,
  `date_to` datetime DEFAULT NULL,
  PRIMARY KEY (`indeph_id`),
  KEY `news_id` (`news_id`),
  CONSTRAINT `fn_indeph_ibfk_1` FOREIGN KEY (`news_id`) REFERENCES `fn_news` (`news_id`) ON DELETE CASCADE ON UPDATE CASCADE
) ENGINE=InnoDB AUTO_INCREMENT=3 DEFAULT CHARSET=latin1;

/*Data for the table `fn_indeph` */

insert  into `fn_indeph`(`indeph_id`,`news_id`,`indeph_timestamp`,`date_from`,`date_to`) values (1,2,'2016-09-24 06:19:28','2016-09-22 07:20:00','2016-09-30 07:20:05'),(2,5,'2016-09-24 06:19:32','2016-09-22 21:31:55','2016-09-30 21:31:59');

/*Table structure for table `fn_news` */

DROP TABLE IF EXISTS `fn_news`;

CREATE TABLE `fn_news` (
  `news_id` int(11) NOT NULL AUTO_INCREMENT,
  `news_url` text,
  `news_title` varchar(255) DEFAULT NULL,
  `user_id` int(11) DEFAULT NULL,
  `news_desc` text,
  `news_thumb` text,
  `news_timestamp` timestamp NOT NULL DEFAULT CURRENT_TIMESTAMP ON UPDATE CURRENT_TIMESTAMP,
  `news_views` int(11) NOT NULL DEFAULT '0',
  `fokus_id` int(11) DEFAULT NULL,
  PRIMARY KEY (`news_id`),
  KEY `user_id` (`user_id`),
  KEY `fokus_id` (`fokus_id`),
  CONSTRAINT `fn_news_ibfk_1` FOREIGN KEY (`user_id`) REFERENCES `bo_user` (`id`) ON DELETE CASCADE ON UPDATE CASCADE,
  CONSTRAINT `fn_news_ibfk_2` FOREIGN KEY (`fokus_id`) REFERENCES `fn_fokus` (`fokus_id`) ON DELETE CASCADE ON UPDATE CASCADE
) ENGINE=InnoDB AUTO_INCREMENT=19 DEFAULT CHARSET=latin1;

/*Data for the table `fn_news` */

insert  into `fn_news`(`news_id`,`news_url`,`news_title`,`user_id`,`news_desc`,`news_thumb`,`news_timestamp`,`news_views`,`fokus_id`) values (1,'berita-anak-hilang','Beita anak hilang',2,'<h1>HTML Ipsum Presents</h1>\r\n	       \r\n<p><strong>Pellentesque habitant morbi tristique</strong> senectus et netus et malesuada fames ac turpis egestas. Vestibulum tortor quam, feugiat vitae, ultricies eget, tempor sit amet, ante. Donec eu libero sit amet quam egestas semper. <em>Aenean ultricies mi vitae est.</em> Mauris placerat eleifend leo. Quisque sit amet est et sapien ullamcorper pharetra. Vestibulum erat wisi, condimentum sed, <code>commodo vitae</code>, ornare sit amet, wisi. Aenean fermentum, elit eget tincidunt condimentum, eros ipsum rutrum orci, sagittis tempus lacus enim ac dui. <a href=\"#\">Donec non enim</a> in turpis pulvinar facilisis. Ut felis.</p>\r\n\r\n<h2>Header Level 2</h2>\r\n	       \r\n<ol>\r\n   <li>Lorem ipsum dolor sit amet, consectetuer adipiscing elit.</li>\r\n   <li>Aliquam tincidunt mauris eu risus.</li>\r\n</ol>\r\n\r\n<blockquote><p>Lorem ipsum dolor sit amet, consectetur adipiscing elit. Vivamus magna. Cras in mi at felis aliquet congue. Ut a est eget ligula molestie gravida. Curabitur massa. Donec eleifend, libero at sagittis mollis, tellus est malesuada tellus, at luctus turpis elit sit amet quam. Vivamus pretium ornare est.</p></blockquote>\r\n\r\n<h3>Header Level 3</h3>\r\n\r\n<ul>\r\n   <li>Lorem ipsum dolor sit amet, consectetuer adipiscing elit.</li>\r\n   <li>Aliquam tincidunt mauris eu risus.</li>\r\n</ul>\r\n\r\n<pre><code>\r\n#header h1 a { \r\n	display: block; \r\n	width: 300px; \r\n	height: 80px; \r\n}\r\n</code></pre>',NULL,'2016-09-22 06:51:29',0,1),(2,'Ini-6-Cagub-PDIP-di-Pilkada-Serentak-2017','Ini 6 Cagub PDIP di Pilkada Serentak 2017',2,'<h1>HTML Ipsum Presents</h1>\r\n	       \r\n<p><strong>Pellentesque habitant morbi tristique</strong> senectus et netus et malesuada fames ac turpis egestas. Vestibulum tortor quam, feugiat vitae, ultricies eget, tempor sit amet, ante. Donec eu libero sit amet quam egestas semper. <em>Aenean ultricies mi vitae est.</em> Mauris placerat eleifend leo. Quisque sit amet est et sapien ullamcorper pharetra. Vestibulum erat wisi, condimentum sed, <code>commodo vitae</code>, ornare sit amet, wisi. Aenean fermentum, elit eget tincidunt condimentum, eros ipsum rutrum orci, sagittis tempus lacus enim ac dui. <a href=\"#\">Donec non enim</a> in turpis pulvinar facilisis. Ut felis.</p>\r\n\r\n<h2>Header Level 2</h2>\r\n	       \r\n<ol>\r\n   <li>Lorem ipsum dolor sit amet, consectetuer adipiscing elit.</li>\r\n   <li>Aliquam tincidunt mauris eu risus.</li>\r\n</ol>\r\n\r\n<blockquote><p>Lorem ipsum dolor sit amet, consectetur adipiscing elit. Vivamus magna. Cras in mi at felis aliquet congue. Ut a est eget ligula molestie gravida. Curabitur massa. Donec eleifend, libero at sagittis mollis, tellus est malesuada tellus, at luctus turpis elit sit amet quam. Vivamus pretium ornare est.</p></blockquote>\r\n\r\n<h3>Header Level 3</h3>\r\n\r\n<ul>\r\n   <li>Lorem ipsum dolor sit amet, consectetuer adipiscing elit.</li>\r\n   <li>Aliquam tincidunt mauris eu risus.</li>\r\n</ul>\r\n\r\n<pre><code>\r\n#header h1 a { \r\n	display: block; \r\n	width: 300px; \r\n	height: 80px; \r\n}\r\n</code></pre>',NULL,'2016-09-22 06:51:33',0,1),(3,'charli11','ini berita charli di kriminal',2,'<p><strong>Jakarta</strong> - Charly Van Houten ditetapkan sebagai tersangka tindak pidana penipuan oleh Polda Jabar. Kasus tersebut sudah menjerat sang musisi sejak 2015 ketika dilaporkan oleh seorang pengusaha bernama Wira Pradana.<br /><br />Menurut Kabidhumas Polda Jabar Kombes Pol Yusri Yunus, penetapan status tersangka kepada Charly sudah dilakukan sejak Selasa (20/9) lalu. Namun, Charly mengaku masih belum ada pemberitahuan resmi mengenai hal tersebut hingga saat ini.<br /><br />\"Sampai detik ini aku belum tahu karena belum ada pemberitahuan yang resmi ke saya dari pengacara saya, kang Heri Wijaya. Mungkin saya memang bukan tergolong manusia yang baik, tapi ingat saya bukan penipu. Ini kan persoalan kerja sama yang sama, punya kontribusi di awal dengan baik. Pak Wira dalam bentuk uang dan aku dalam bentuk karya,\" jelas Charly ketika dihubungi via pesan singkat, Kamis (22/9/2016).<br /><br />Charly pun menceritakan awal kerjasamanya dengan Wira yang berawal dari pembuatan album lagu kompilasi hingga promosi. Keduanya kala itu sepakat untuk membuat sebuah manajemen, yang sudah diatur dalam sebuah kesepakatan.<br /><br /><strong>Baca juga: <a href=\"http://hot.detik.com/celeb/d-3304491/beredar-kabar-brad-pitt-kasar-pada-anak-anaknya\" target=\"_blank\">Beredar Kabar Brad Pitt Kasar pada Anak-anaknya</a></strong><br /><br />\"Di tengah perjalanan 2010 pada saat manajemen berjalan, tiba-tiba Pak Wira mengajak aku untuk buat sebuah PT. Aku bilang aku nggak ngerti cara buat PT, lalu beliau bilang, \'Biar aku yang buatkan pakai jasa notaris.\' Terus dia suruh tanda tangani saja,\" lanjutnya.<br /><br />Saat itu semua pekerjaan pun berjalan dengan baik. Sehingga, Charly pun dibuat bingung atas laporan yang ditujukan padanya, hingga kini ditetapkan menjadi tersangka.<br /><br />\"Jujur aku bingung. Ini sangat aneh, heran, bahkan sangat lucu. Kok bisa jadi seperti ini. Jangankan terpikir, bahkan terlintas saja nggak pernah untuk aku melakukan perbuatan itu. Coba ditelaah dan dipelajari dengan nurani yang baik. Di mana letak menipunya? Tapi aku sangat yakin Allah nggak tidur. Saya yakin dan percaya penegak hukum di negara ini masih punya nurani dan saya yakin masih ada keadilan,\" pungkasnya. <br /><strong>(dal/ass)</strong></p>',NULL,'2016-09-22 21:04:55',0,2),(4,'charli12','ini berita charli di ekonimi',2,'<p><strong>Jakarta</strong> - Charly Van Houten ditetapkan sebagai tersangka tindak pidana penipuan oleh Polda Jabar. Kasus tersebut sudah menjerat sang musisi sejak 2015 ketika dilaporkan oleh seorang pengusaha bernama Wira Pradana.<br /><br />Menurut Kabidhumas Polda Jabar Kombes Pol Yusri Yunus, penetapan status tersangka kepada Charly sudah dilakukan sejak Selasa (20/9) lalu. Namun, Charly mengaku masih belum ada pemberitahuan resmi mengenai hal tersebut hingga saat ini.<br /><br />\"Sampai detik ini aku belum tahu karena belum ada pemberitahuan yang resmi ke saya dari pengacara saya, kang Heri Wijaya. Mungkin saya memang bukan tergolong manusia yang baik, tapi ingat saya bukan penipu. Ini kan persoalan kerja sama yang sama, punya kontribusi di awal dengan baik. Pak Wira dalam bentuk uang dan aku dalam bentuk karya,\" jelas Charly ketika dihubungi via pesan singkat, Kamis (22/9/2016).<br /><br />Charly pun menceritakan awal kerjasamanya dengan Wira yang berawal dari pembuatan album lagu kompilasi hingga promosi. Keduanya kala itu sepakat untuk membuat sebuah manajemen, yang sudah diatur dalam sebuah kesepakatan.<br /><br /><strong>Baca juga: <a href=\"http://hot.detik.com/celeb/d-3304491/beredar-kabar-brad-pitt-kasar-pada-anak-anaknya\" target=\"_blank\">Beredar Kabar Brad Pitt Kasar pada Anak-anaknya</a></strong><br /><br />\"Di tengah perjalanan 2010 pada saat manajemen berjalan, tiba-tiba Pak Wira mengajak aku untuk buat sebuah PT. Aku bilang aku nggak ngerti cara buat PT, lalu beliau bilang, \'Biar aku yang buatkan pakai jasa notaris.\' Terus dia suruh tanda tangani saja,\" lanjutnya.<br /><br />Saat itu semua pekerjaan pun berjalan dengan baik. Sehingga, Charly pun dibuat bingung atas laporan yang ditujukan padanya, hingga kini ditetapkan menjadi tersangka.<br /><br />\"Jujur aku bingung. Ini sangat aneh, heran, bahkan sangat lucu. Kok bisa jadi seperti ini. Jangankan terpikir, bahkan terlintas saja nggak pernah untuk aku melakukan perbuatan itu. Coba ditelaah dan dipelajari dengan nurani yang baik. Di mana letak menipunya? Tapi aku sangat yakin Allah nggak tidur. Saya yakin dan percaya penegak hukum di negara ini masih punya nurani dan saya yakin masih ada keadilan,\" pungkasnya. <br /><strong>(dal/ass)</strong></p>',NULL,'2016-09-22 21:26:19',0,3),(5,'charli13','ini berita charli di nasioanl',2,'<p><strong>Jakarta</strong> - Charly Van Houten ditetapkan sebagai tersangka tindak pidana penipuan oleh Polda Jabar. Kasus tersebut sudah menjerat sang musisi sejak 2015 ketika dilaporkan oleh seorang pengusaha bernama Wira Pradana.<br /><br />Menurut Kabidhumas Polda Jabar Kombes Pol Yusri Yunus, penetapan status tersangka kepada Charly sudah dilakukan sejak Selasa (20/9) lalu. Namun, Charly mengaku masih belum ada pemberitahuan resmi mengenai hal tersebut hingga saat ini.<br /><br />\"Sampai detik ini aku belum tahu karena belum ada pemberitahuan yang resmi ke saya dari pengacara saya, kang Heri Wijaya. Mungkin saya memang bukan tergolong manusia yang baik, tapi ingat saya bukan penipu. Ini kan persoalan kerja sama yang sama, punya kontribusi di awal dengan baik. Pak Wira dalam bentuk uang dan aku dalam bentuk karya,\" jelas Charly ketika dihubungi via pesan singkat, Kamis (22/9/2016).<br /><br />Charly pun menceritakan awal kerjasamanya dengan Wira yang berawal dari pembuatan album lagu kompilasi hingga promosi. Keduanya kala itu sepakat untuk membuat sebuah manajemen, yang sudah diatur dalam sebuah kesepakatan.<br /><br /><strong>Baca juga: <a href=\"http://hot.detik.com/celeb/d-3304491/beredar-kabar-brad-pitt-kasar-pada-anak-anaknya\" target=\"_blank\">Beredar Kabar Brad Pitt Kasar pada Anak-anaknya</a></strong><br /><br />\"Di tengah perjalanan 2010 pada saat manajemen berjalan, tiba-tiba Pak Wira mengajak aku untuk buat sebuah PT. Aku bilang aku nggak ngerti cara buat PT, lalu beliau bilang, \'Biar aku yang buatkan pakai jasa notaris.\' Terus dia suruh tanda tangani saja,\" lanjutnya.<br /><br />Saat itu semua pekerjaan pun berjalan dengan baik. Sehingga, Charly pun dibuat bingung atas laporan yang ditujukan padanya, hingga kini ditetapkan menjadi tersangka.<br /><br />\"Jujur aku bingung. Ini sangat aneh, heran, bahkan sangat lucu. Kok bisa jadi seperti ini. Jangankan terpikir, bahkan terlintas saja nggak pernah untuk aku melakukan perbuatan itu. Coba ditelaah dan dipelajari dengan nurani yang baik. Di mana letak menipunya? Tapi aku sangat yakin Allah nggak tidur. Saya yakin dan percaya penegak hukum di negara ini masih punya nurani dan saya yakin masih ada keadilan,\" pungkasnya. <br /><strong>(dal/ass)</strong></p>',NULL,'2016-09-22 21:26:19',0,3),(6,'charli14','ini berita charli di cianjur',2,'<p><strong>Jakarta</strong> - Charly Van Houten ditetapkan sebagai tersangka tindak pidana penipuan oleh Polda Jabar. Kasus tersebut sudah menjerat sang musisi sejak 2015 ketika dilaporkan oleh seorang pengusaha bernama Wira Pradana.<br /><br />Menurut Kabidhumas Polda Jabar Kombes Pol Yusri Yunus, penetapan status tersangka kepada Charly sudah dilakukan sejak Selasa (20/9) lalu. Namun, Charly mengaku masih belum ada pemberitahuan resmi mengenai hal tersebut hingga saat ini.<br /><br />\"Sampai detik ini aku belum tahu karena belum ada pemberitahuan yang resmi ke saya dari pengacara saya, kang Heri Wijaya. Mungkin saya memang bukan tergolong manusia yang baik, tapi ingat saya bukan penipu. Ini kan persoalan kerja sama yang sama, punya kontribusi di awal dengan baik. Pak Wira dalam bentuk uang dan aku dalam bentuk karya,\" jelas Charly ketika dihubungi via pesan singkat, Kamis (22/9/2016).<br /><br />Charly pun menceritakan awal kerjasamanya dengan Wira yang berawal dari pembuatan album lagu kompilasi hingga promosi. Keduanya kala itu sepakat untuk membuat sebuah manajemen, yang sudah diatur dalam sebuah kesepakatan.<br /><br /><strong>Baca juga: <a href=\"http://hot.detik.com/celeb/d-3304491/beredar-kabar-brad-pitt-kasar-pada-anak-anaknya\" target=\"_blank\">Beredar Kabar Brad Pitt Kasar pada Anak-anaknya</a></strong><br /><br />\"Di tengah perjalanan 2010 pada saat manajemen berjalan, tiba-tiba Pak Wira mengajak aku untuk buat sebuah PT. Aku bilang aku nggak ngerti cara buat PT, lalu beliau bilang, \'Biar aku yang buatkan pakai jasa notaris.\' Terus dia suruh tanda tangani saja,\" lanjutnya.<br /><br />Saat itu semua pekerjaan pun berjalan dengan baik. Sehingga, Charly pun dibuat bingung atas laporan yang ditujukan padanya, hingga kini ditetapkan menjadi tersangka.<br /><br />\"Jujur aku bingung. Ini sangat aneh, heran, bahkan sangat lucu. Kok bisa jadi seperti ini. Jangankan terpikir, bahkan terlintas saja nggak pernah untuk aku melakukan perbuatan itu. Coba ditelaah dan dipelajari dengan nurani yang baik. Di mana letak menipunya? Tapi aku sangat yakin Allah nggak tidur. Saya yakin dan percaya penegak hukum di negara ini masih punya nurani dan saya yakin masih ada keadilan,\" pungkasnya. <br /><strong>(dal/ass)</strong></p>',NULL,'2016-09-22 21:05:36',0,2),(7,'charli15','ini berita charli di sehat',2,'<p><strong>Jakarta</strong> - Charly Van Houten ditetapkan sebagai tersangka tindak pidana penipuan oleh Polda Jabar. Kasus tersebut sudah menjerat sang musisi sejak 2015 ketika dilaporkan oleh seorang pengusaha bernama Wira Pradana.<br /><br />Menurut Kabidhumas Polda Jabar Kombes Pol Yusri Yunus, penetapan status tersangka kepada Charly sudah dilakukan sejak Selasa (20/9) lalu. Namun, Charly mengaku masih belum ada pemberitahuan resmi mengenai hal tersebut hingga saat ini.<br /><br />\"Sampai detik ini aku belum tahu karena belum ada pemberitahuan yang resmi ke saya dari pengacara saya, kang Heri Wijaya. Mungkin saya memang bukan tergolong manusia yang baik, tapi ingat saya bukan penipu. Ini kan persoalan kerja sama yang sama, punya kontribusi di awal dengan baik. Pak Wira dalam bentuk uang dan aku dalam bentuk karya,\" jelas Charly ketika dihubungi via pesan singkat, Kamis (22/9/2016).<br /><br />Charly pun menceritakan awal kerjasamanya dengan Wira yang berawal dari pembuatan album lagu kompilasi hingga promosi. Keduanya kala itu sepakat untuk membuat sebuah manajemen, yang sudah diatur dalam sebuah kesepakatan.<br /><br /><strong>Baca juga: <a href=\"http://hot.detik.com/celeb/d-3304491/beredar-kabar-brad-pitt-kasar-pada-anak-anaknya\" target=\"_blank\">Beredar Kabar Brad Pitt Kasar pada Anak-anaknya</a></strong><br /><br />\"Di tengah perjalanan 2010 pada saat manajemen berjalan, tiba-tiba Pak Wira mengajak aku untuk buat sebuah PT. Aku bilang aku nggak ngerti cara buat PT, lalu beliau bilang, \'Biar aku yang buatkan pakai jasa notaris.\' Terus dia suruh tanda tangani saja,\" lanjutnya.<br /><br />Saat itu semua pekerjaan pun berjalan dengan baik. Sehingga, Charly pun dibuat bingung atas laporan yang ditujukan padanya, hingga kini ditetapkan menjadi tersangka.<br /><br />\"Jujur aku bingung. Ini sangat aneh, heran, bahkan sangat lucu. Kok bisa jadi seperti ini. Jangankan terpikir, bahkan terlintas saja nggak pernah untuk aku melakukan perbuatan itu. Coba ditelaah dan dipelajari dengan nurani yang baik. Di mana letak menipunya? Tapi aku sangat yakin Allah nggak tidur. Saya yakin dan percaya penegak hukum di negara ini masih punya nurani dan saya yakin masih ada keadilan,\" pungkasnya. <br /><strong>(dal/ass)</strong></p>',NULL,'2016-09-22 21:05:48',0,2),(8,'charli16','ini berita charli di lainny1',2,'<p><strong>Jakarta</strong> - Charly Van Houten ditetapkan sebagai tersangka tindak pidana penipuan oleh Polda Jabar. Kasus tersebut sudah menjerat sang musisi sejak 2015 ketika dilaporkan oleh seorang pengusaha bernama Wira Pradana.<br /><br />Menurut Kabidhumas Polda Jabar Kombes Pol Yusri Yunus, penetapan status tersangka kepada Charly sudah dilakukan sejak Selasa (20/9) lalu. Namun, Charly mengaku masih belum ada pemberitahuan resmi mengenai hal tersebut hingga saat ini.<br /><br />\"Sampai detik ini aku belum tahu karena belum ada pemberitahuan yang resmi ke saya dari pengacara saya, kang Heri Wijaya. Mungkin saya memang bukan tergolong manusia yang baik, tapi ingat saya bukan penipu. Ini kan persoalan kerja sama yang sama, punya kontribusi di awal dengan baik. Pak Wira dalam bentuk uang dan aku dalam bentuk karya,\" jelas Charly ketika dihubungi via pesan singkat, Kamis (22/9/2016).<br /><br />Charly pun menceritakan awal kerjasamanya dengan Wira yang berawal dari pembuatan album lagu kompilasi hingga promosi. Keduanya kala itu sepakat untuk membuat sebuah manajemen, yang sudah diatur dalam sebuah kesepakatan.<br /><br /><strong>Baca juga: <a href=\"http://hot.detik.com/celeb/d-3304491/beredar-kabar-brad-pitt-kasar-pada-anak-anaknya\" target=\"_blank\">Beredar Kabar Brad Pitt Kasar pada Anak-anaknya</a></strong><br /><br />\"Di tengah perjalanan 2010 pada saat manajemen berjalan, tiba-tiba Pak Wira mengajak aku untuk buat sebuah PT. Aku bilang aku nggak ngerti cara buat PT, lalu beliau bilang, \'Biar aku yang buatkan pakai jasa notaris.\' Terus dia suruh tanda tangani saja,\" lanjutnya.<br /><br />Saat itu semua pekerjaan pun berjalan dengan baik. Sehingga, Charly pun dibuat bingung atas laporan yang ditujukan padanya, hingga kini ditetapkan menjadi tersangka.<br /><br />\"Jujur aku bingung. Ini sangat aneh, heran, bahkan sangat lucu. Kok bisa jadi seperti ini. Jangankan terpikir, bahkan terlintas saja nggak pernah untuk aku melakukan perbuatan itu. Coba ditelaah dan dipelajari dengan nurani yang baik. Di mana letak menipunya? Tapi aku sangat yakin Allah nggak tidur. Saya yakin dan percaya penegak hukum di negara ini masih punya nurani dan saya yakin masih ada keadilan,\" pungkasnya. <br /><strong>(dal/ass)</strong></p>',NULL,'2016-09-22 21:26:21',0,3),(9,'charli17','ini berita charli di lainnya1',2,'<p><strong>Jakarta</strong> - Charly Van Houten ditetapkan sebagai tersangka tindak pidana penipuan oleh Polda Jabar. Kasus tersebut sudah menjerat sang musisi sejak 2015 ketika dilaporkan oleh seorang pengusaha bernama Wira Pradana.<br /><br />Menurut Kabidhumas Polda Jabar Kombes Pol Yusri Yunus, penetapan status tersangka kepada Charly sudah dilakukan sejak Selasa (20/9) lalu. Namun, Charly mengaku masih belum ada pemberitahuan resmi mengenai hal tersebut hingga saat ini.<br /><br />\"Sampai detik ini aku belum tahu karena belum ada pemberitahuan yang resmi ke saya dari pengacara saya, kang Heri Wijaya. Mungkin saya memang bukan tergolong manusia yang baik, tapi ingat saya bukan penipu. Ini kan persoalan kerja sama yang sama, punya kontribusi di awal dengan baik. Pak Wira dalam bentuk uang dan aku dalam bentuk karya,\" jelas Charly ketika dihubungi via pesan singkat, Kamis (22/9/2016).<br /><br />Charly pun menceritakan awal kerjasamanya dengan Wira yang berawal dari pembuatan album lagu kompilasi hingga promosi. Keduanya kala itu sepakat untuk membuat sebuah manajemen, yang sudah diatur dalam sebuah kesepakatan.<br /><br /><strong>Baca juga: <a href=\"http://hot.detik.com/celeb/d-3304491/beredar-kabar-brad-pitt-kasar-pada-anak-anaknya\" target=\"_blank\">Beredar Kabar Brad Pitt Kasar pada Anak-anaknya</a></strong><br /><br />\"Di tengah perjalanan 2010 pada saat manajemen berjalan, tiba-tiba Pak Wira mengajak aku untuk buat sebuah PT. Aku bilang aku nggak ngerti cara buat PT, lalu beliau bilang, \'Biar aku yang buatkan pakai jasa notaris.\' Terus dia suruh tanda tangani saja,\" lanjutnya.<br /><br />Saat itu semua pekerjaan pun berjalan dengan baik. Sehingga, Charly pun dibuat bingung atas laporan yang ditujukan padanya, hingga kini ditetapkan menjadi tersangka.<br /><br />\"Jujur aku bingung. Ini sangat aneh, heran, bahkan sangat lucu. Kok bisa jadi seperti ini. Jangankan terpikir, bahkan terlintas saja nggak pernah untuk aku melakukan perbuatan itu. Coba ditelaah dan dipelajari dengan nurani yang baik. Di mana letak menipunya? Tapi aku sangat yakin Allah nggak tidur. Saya yakin dan percaya penegak hukum di negara ini masih punya nurani dan saya yakin masih ada keadilan,\" pungkasnya. <br /><strong>(dal/ass)</strong></p>',NULL,'2016-09-22 21:26:21',0,3),(10,'charli18','ini berita charli di lainnya 2',2,'<p><strong>Jakarta</strong> - Charly Van Houten ditetapkan sebagai tersangka tindak pidana penipuan oleh Polda Jabar. Kasus tersebut sudah menjerat sang musisi sejak 2015 ketika dilaporkan oleh seorang pengusaha bernama Wira Pradana.<br /><br />Menurut Kabidhumas Polda Jabar Kombes Pol Yusri Yunus, penetapan status tersangka kepada Charly sudah dilakukan sejak Selasa (20/9) lalu. Namun, Charly mengaku masih belum ada pemberitahuan resmi mengenai hal tersebut hingga saat ini.<br /><br />\"Sampai detik ini aku belum tahu karena belum ada pemberitahuan yang resmi ke saya dari pengacara saya, kang Heri Wijaya. Mungkin saya memang bukan tergolong manusia yang baik, tapi ingat saya bukan penipu. Ini kan persoalan kerja sama yang sama, punya kontribusi di awal dengan baik. Pak Wira dalam bentuk uang dan aku dalam bentuk karya,\" jelas Charly ketika dihubungi via pesan singkat, Kamis (22/9/2016).<br /><br />Charly pun menceritakan awal kerjasamanya dengan Wira yang berawal dari pembuatan album lagu kompilasi hingga promosi. Keduanya kala itu sepakat untuk membuat sebuah manajemen, yang sudah diatur dalam sebuah kesepakatan.<br /><br /><strong>Baca juga: <a href=\"http://hot.detik.com/celeb/d-3304491/beredar-kabar-brad-pitt-kasar-pada-anak-anaknya\" target=\"_blank\">Beredar Kabar Brad Pitt Kasar pada Anak-anaknya</a></strong><br /><br />\"Di tengah perjalanan 2010 pada saat manajemen berjalan, tiba-tiba Pak Wira mengajak aku untuk buat sebuah PT. Aku bilang aku nggak ngerti cara buat PT, lalu beliau bilang, \'Biar aku yang buatkan pakai jasa notaris.\' Terus dia suruh tanda tangani saja,\" lanjutnya.<br /><br />Saat itu semua pekerjaan pun berjalan dengan baik. Sehingga, Charly pun dibuat bingung atas laporan yang ditujukan padanya, hingga kini ditetapkan menjadi tersangka.<br /><br />\"Jujur aku bingung. Ini sangat aneh, heran, bahkan sangat lucu. Kok bisa jadi seperti ini. Jangankan terpikir, bahkan terlintas saja nggak pernah untuk aku melakukan perbuatan itu. Coba ditelaah dan dipelajari dengan nurani yang baik. Di mana letak menipunya? Tapi aku sangat yakin Allah nggak tidur. Saya yakin dan percaya penegak hukum di negara ini masih punya nurani dan saya yakin masih ada keadilan,\" pungkasnya. <br /><strong>(dal/ass)</strong></p>',NULL,'2016-09-22 21:26:23',0,1),(11,'charli19','ini berita charli di kriminal',2,'<p><strong>Jakarta</strong> - Charly Van Houten ditetapkan sebagai tersangka tindak pidana penipuan oleh Polda Jabar. Kasus tersebut sudah menjerat sang musisi sejak 2015 ketika dilaporkan oleh seorang pengusaha bernama Wira Pradana.<br /><br />Menurut Kabidhumas Polda Jabar Kombes Pol Yusri Yunus, penetapan status tersangka kepada Charly sudah dilakukan sejak Selasa (20/9) lalu. Namun, Charly mengaku masih belum ada pemberitahuan resmi mengenai hal tersebut hingga saat ini.<br /><br />\"Sampai detik ini aku belum tahu karena belum ada pemberitahuan yang resmi ke saya dari pengacara saya, kang Heri Wijaya. Mungkin saya memang bukan tergolong manusia yang baik, tapi ingat saya bukan penipu. Ini kan persoalan kerja sama yang sama, punya kontribusi di awal dengan baik. Pak Wira dalam bentuk uang dan aku dalam bentuk karya,\" jelas Charly ketika dihubungi via pesan singkat, Kamis (22/9/2016).<br /><br />Charly pun menceritakan awal kerjasamanya dengan Wira yang berawal dari pembuatan album lagu kompilasi hingga promosi. Keduanya kala itu sepakat untuk membuat sebuah manajemen, yang sudah diatur dalam sebuah kesepakatan.<br /><br /><strong>Baca juga: <a href=\"http://hot.detik.com/celeb/d-3304491/beredar-kabar-brad-pitt-kasar-pada-anak-anaknya\" target=\"_blank\">Beredar Kabar Brad Pitt Kasar pada Anak-anaknya</a></strong><br /><br />\"Di tengah perjalanan 2010 pada saat manajemen berjalan, tiba-tiba Pak Wira mengajak aku untuk buat sebuah PT. Aku bilang aku nggak ngerti cara buat PT, lalu beliau bilang, \'Biar aku yang buatkan pakai jasa notaris.\' Terus dia suruh tanda tangani saja,\" lanjutnya.<br /><br />Saat itu semua pekerjaan pun berjalan dengan baik. Sehingga, Charly pun dibuat bingung atas laporan yang ditujukan padanya, hingga kini ditetapkan menjadi tersangka.<br /><br />\"Jujur aku bingung. Ini sangat aneh, heran, bahkan sangat lucu. Kok bisa jadi seperti ini. Jangankan terpikir, bahkan terlintas saja nggak pernah untuk aku melakukan perbuatan itu. Coba ditelaah dan dipelajari dengan nurani yang baik. Di mana letak menipunya? Tapi aku sangat yakin Allah nggak tidur. Saya yakin dan percaya penegak hukum di negara ini masih punya nurani dan saya yakin masih ada keadilan,\" pungkasnya. <br /><strong>(dal/ass)</strong></p>',NULL,'2016-09-22 21:05:07',0,2),(12,'kali-linux','Kali linux',2,'<div class=\"v_text\" itemprop=\"articleBody\" id=\"v_main\"><p>Security \r\nresearcher Brian Krebs\'s security blog KrebsOnSecurity is back online \r\nafter having withstood a historically massive DDoS attack, thanks to \r\nGoogle\'s Project Shield. The site\'s previous security provider Akamai, \r\nwhich helped combat the two-week-long 620Gbps DDoS attack, was forced to\r\n eventually pull support after the attack, which is considered to be the\r\n world\'s largest volume of junk data.</p><p>The cyberattack is believed to have been retaliation from the alleged owners of a DDoS attack service site called vDOS, which <a href=\"http://www.ibtimes.co.uk/krebsonsecurity-site-under-attack-after-ddos-hire-service-was-exposed-alleged-owners-arrested-1580835\" target=\"_blank\">Krebs had recently exposed</a>.\r\n Although the site was briefly taken offline, the attack was deemed \r\nunsuccessful as the hackers were likely unable to access the site. This \r\nwas largely due to the combined efforts of Akamai and another DDoS \r\nprotection outfit Prolexic. However, the sheer volume of the attack \r\neventually forced Akamai, which had for years provided the site with \r\nmitigation services on a pro-bono basis, to withdraw support.</p><aside class=\"relatedArticle\" style=\"width: 300px\"><div class=\"label\">More Technology News</div><ul itemtype=\"http://schema.org/WebPage\" itemscope=\"\"><li><a data-category=\"Related_Stories\" data-action=\"Click\" data-label=\"Article 1\" href=\"http://www.ibtimes.co.uk/philippines-wikileaks-releases-diplomatic-cable-alleging-duterte-admitted-complicity-davao-1583252\" itemprop=\"relatedLink\"><span class=\"bullet\"></span> Philippines: WikiLeaks releases diplomatic cable alleging Duterte \'admitted complicity\' in Davao killings</a></li><li><a data-category=\"Related_Stories\" data-action=\"Click\" data-label=\"Article 2\" href=\"http://www.ibtimes.co.uk/german-military-hacked-afghan-mobile-operator-find-hostage-first-known-cyber-operation-report-1583279\" itemprop=\"relatedLink\"><span class=\"bullet\"></span> German military hacked Afghan mobile operator to find hostage in first known cyber operation - Report</a></li><li><a data-category=\"Related_Stories\" data-action=\"Click\" data-label=\"Article 3\" href=\"http://www.ibtimes.co.uk/oculus-bosses-speak-out-palmer-luckeys-apology-funding-anti-clinton-memes-1583287\" itemprop=\"relatedLink\"><span class=\"bullet\"></span> Oculus bosses speak out on Palmer Luckey\'s apology and funding of anti-Clinton memes</a></li></ul></aside><p><a href=\"https://krebsonsecurity.com/2016/09/the-democratization-of-censorship/\" rel=\"nofollow\" target=\"_blank\">Krebs wrote in his blog</a>\r\n that he \"did not fault\" Akamai for its decision, adding: \"Once it \r\nbecame evident that the assault was beginning to cause problems for the \r\ncompany\'s paying customers, they explained that the choice to let my \r\nsite go was a business decision, pure and simple.\"</p><p>Akamai executives said in an<a href=\"https://www.bostonglobe.com/business/2016/09/23/cybercrooks-akamai/qOAhvHoohJcmkxIwg5ChKO/story.html\" rel=\"nofollow\" target=\"_blank\"> interview with The Boston Globe</a>:\r\n \"This is the worst denial-of-service attack we\'ve ever seen.\" They \r\nadded that if sustained, the attacks could have cost the firm \"millions\"\r\n of dollars.</p><p><strong>Attackers likely leveraged IoT botnet</strong></p><p>According to Krebs, the hackers likely leveraged <a href=\"http://www.ibtimes.co.uk/one-million-iot-devices-infected-by-bashlite-malware-driven-ddos-botnet-1578870\" target=\"_blank\">IoT (Internet of Things) botnet</a>\r\n when mounting the attack. He said: \"There is every indication that this\r\n attack was launched with the help of a botnet that has enslaved a large\r\n number of hacked so-called Internet of Things devices — mainly routers,\r\n IP cameras and digital video recorders (DVRs) that are exposed to the \r\nInternet and protected with weak or hard-coded passwords.\"</p><p><strong>Cyberattacks wielded weapons of mass censorship</strong></p><p>Krebs\r\n likened the attack mounted against him to an elaborate act of \r\ncensorship. He wrote: \"Why do I speak of DDoS attacks as a form of \r\ncensorship? Quite simply because the economics of mitigating large-scale\r\n DDoS attacks do not bode well for protecting the individual user, to \r\nsay nothing of independent journalists.</p><p>\"Today, I am happy to report that the site is back up — this time under <a href=\"https://jigsaw.google.com/projects/#project-shield\" rel=\"nofollow\" target=\"_blank\">Project Shield</a>,\r\n a free program run by Googleto help protect journalists from online \r\ncensorship. And make no mistake, DDoS attacks — particularly those the \r\nsize of the assault that hit my site this week — are uniquely effective \r\nweapons for stomping on free speech, for reasons I\'ll explore in this \r\npost.\"</p><p>However, before finding refuge under Google, Krebs, faced \r\nwith the unprecedented security debacle, attempted to look into \r\nmitigation services currently available, but to no avail. \"In the hours \r\nand days following my site going offline, I spoke with multiple DDoS \r\nmitigation firms. One offered to host KrebsOnSecurity for two weeks at \r\nno charge, but after that they said the same kind of protection I had \r\nunder Akamai would cost between $150,000 and $200,000 per year,\" he \r\nsaid.</p><p>\"Ask yourself how many independent journalists could \r\npossibly afford that kind of protection money? A number of other \r\nproviders offered to help, but it was clear that they did not have the \r\nmuscle to be able to withstand such massive attacks.\"</p><p><strong>How scary is the future?</strong></p><p>With\r\n the alarming rise in cyberattacks and DDoS attacks in particular, the \r\nfuture of website security appears to be uncertain. The scores of \r\ninsecure IoT devices available provide a treasure trove of arsenal for \r\nhackers who are now increasingly using vulnerable devices to launch \r\nmassive <a href=\"http://www.ibtimes.co.uk/uk-becomes-worlds-second-most-targeted-nation-ddos-attacks-assaults-rise-over-220-1577704\" target=\"_blank\">DDoS attacks on businesses and governments</a>.</p><p>Krebs believes that as was in his case, these<a href=\"http://www.ibtimes.co.uk/iot-malware-rise-hackers-hijacking-devices-launch-ddos-attacks-1582938\" target=\"_blank\"> IoT botnets</a>\r\n could also be used in the future to censor free speech. \"I don\'t know \r\nwhat it will take to wake the larger Internet community out of its \r\nslumber to address this growing threat to free speech and ecommerce,\" he\r\n said.</p><p>\"My guess is it will take an attack that endangers human \r\nlives, shuts down critical national infrastructure systems, or disrupts \r\nnational elections.</p><p>\"The sad truth these days is that it\'s a lot \r\neasier to censor the digital media on the Internet than it is to censor \r\nprinted books and newspapers in the physical world. On the internet, \r\nanyone with an axe to grind and the willingness to learn a bit about the\r\n technology can become an instant, self-appointed global censor. I \r\nsincerely hope we can address this problem before it\'s too late.\"</p></div>','assets/img/product/57ea054551ea2_wallhaven-58973.jpg','2016-09-27 16:24:46',0,4),(13,'pelaku-pecah-kaca-tewas-setelah-diamuk-massa-di-sukabumi','Pelaku Pecah Kaca Tewas Setelah Diamuk Massa Di Sukabumi',2,'<p dir=\"ltr\" style=\"text-align: justify; color: rgb(34, 34, 34); font-family: arial, sans-serif; font-size: 12.8px;\">Sukabumi- Belum sempat menikmati hasil curiannya, seorang pelaku spesialis pecah kaca mobil di Sukabumi, Jawa Barat tewas setelah sebelumnya sempat menjadi bulan-bulanan massa yang marah. Meski sempat dilarikan ke rumah sakit nyawa pelaku tak tertolong.</p><p dir=\"ltr\" style=\"text-align: justify; color: rgb(34, 34, 34); font-family: arial, sans-serif; font-size: 12.8px;\">Informasi yang dihimpun, pelaku diketahui beraksi di parkiran salah satu restoran di kawasan Cicurug sekira pukul 22.10 WIB, Rabu (27/7) menaiki kendaraan roda dua. Sebuah mobil jenis Pajero Sport B 1664 SJL jadi incaran pelaku, saat itu pemiliknya tengah makan bersama rekannya didalam restoran.</p><p dir=\"ltr\"><div style=\"color: rgb(34, 34, 34); font-family: arial, sans-serif; font-size: 12.8px; text-align: justify;\"><span style=\"font-size: 12.8px;\">\"Pelaku berhasil memecah kaca kendaraan korban dan mengambil sejumlah barang berharga milik korban. Aksi itu sempat dipergoki korban yang langsung berteriak minta tolong, teriakan korban didengar warga yang langsung melakukan pengejaran,\" kata Kompol Sumaryoto, Kapolsek Cicurug kepada sejumlah wartawan.</span></div><div style=\"text-align: justify;\"><font color=\"#222222\" face=\"arial, sans-serif\"><span style=\"font-size: 12.8px;\"><br></span></font></div><font color=\"#222222\" face=\"arial, sans-serif\"><div style=\"text-align: justify;\"><span style=\"font-size: 12.8px;\">Setelah sempat kejar-kejaran warga akhirnya berhasil menangkap pelaku dan langsung melakukan pengeroyokan hingga pelaku tak sadarkan diri. Aparat kepolisian yang datang sempat melarikan korban ke rumah sakit, namun nahas nyawanya tak tertolong.</span></div></font></p><p dir=\"ltr\" style=\"text-align: justify; color: rgb(34, 34, 34); font-family: arial, sans-serif; font-size: 12.8px;\">\"Pelaku meninggal dunia akibat luka yang dideritanya, dari dalam saku celananya kami menemukan kartu identitas yang diduga milik pelaku atas nama Andi Lala (36) warga Ogan Komering Ulu Timur Sumatra Selatan,\" lanjut Sumaryoto.</p><p dir=\"ltr\"><div style=\"color: rgb(34, 34, 34); font-family: arial, sans-serif; font-size: 12.8px; text-align: justify;\"><span style=\"font-size: 12.8px;\">Saat ini jenazah pelaku masih disimpan di instalasi kamar jenazah RSUD Sekarwangi Cibadak. Polisi juga menemukan sepucuk pistol rakitan jenis revolver dengan amunisi sebanyak 4 butir. \"Untungnya pistol itu tak sempat digunakan pelaku, disimpan di jok motornya,\" tandasnya.</span><span style=\"font-size: 12.8px;\">&nbsp;</span></div><div style=\"text-align: justify;\"><font color=\"#222222\" face=\"arial, sans-serif\"><span style=\"font-size: 12.8px;\"><br></span></font></div></p>','assets/img/product/57ea2442b4c2f_Foto Untuk Naskah 1.jpg','2016-09-27 14:48:18',0,NULL),(16,'mengenal-tim-bulik-polisi-bermotor-trail-yang-terjang-kejahatan-di-pusat-kota-sukabumi','Mengenal Tim Bulik, Polisi Bermotor Trail Yang Terjang Kejahatan Di Pusat Kota Sukabumi',2,'<p dir=\"ltr\" style=\"text-align: justify; color: rgb(34, 34, 34); font-family: arial, sans-serif; font-size: 12.8px;\">Sukabumi - Ketika Polres Depok membentuk Tim Jaguar yang dikhususkan memberangus aksi-aksi kejahatan jalanan di perkotaan, Polres Sukabumi Kota rupanya juga memiliki tim khusus pemburu pelaku kriminal yang kerap beraksi di pusat kota. Tim tersebut disebut Tim Bulik, singkatan dari Buru dan Lidik.</p><p dir=\"ltr\" style=\"text-align: justify; color: rgb(34, 34, 34); font-family: arial, sans-serif; font-size: 12.8px;\">Uniknya meski menjelajah daerah perkotaan, tim bentukan Kapolres ini dalam bertugas mengendarai motor trail lengkap dengan seragam hitam-hitam rompi anti peluru, senjata laras panjang dan balakclava (penutup wajah dan kepala) mirip Detasemen Khusus 88 anti teror, keren!</p><p dir=\"ltr\" style=\"text-align: justify; color: rgb(34, 34, 34); font-family: arial, sans-serif; font-size: 12.8px;\">\"Awal dibentuk untuk memerangi aksi geng motor dibentuk di Polsek Cikole dipimpin kapolsek dan beranggotakan unit Reskrim, kita pilih polsek ini karena letak kantor berada di jantung kota Sukabumi. Ketika geng motor sudah kita tobatkan, tim ini tetap aktifkan untuk memerangi aksi-aksi kejahatan lain di perkotaan,\" kata Kapolres Sukabumi Kota AKBP Rustam Mansur, kepada wartawan Rabu (13/7/2016).</p><p dir=\"ltr\"><div style=\"color: rgb(34, 34, 34); font-family: arial, sans-serif; font-size: 12.8px; text-align: justify;\"><span style=\"font-size: 12.8px;\">Penggunaan motor trail dikatakan Rustam karena dianggap lebih efisien ketika bergerak diantara kepadatan kendaraan. Selain itu, penggunaan motor trail juga dianggap cocok ketika harus keluar masuk gang-gang sempit yang menjamur di perkotaan.</span></div><div style=\"text-align: justify;\"><font color=\"#222222\" face=\"arial, sans-serif\"><span style=\"font-size: 12.8px;\"><br></span></font></div><font color=\"#222222\" face=\"arial, sans-serif\"><div style=\"text-align: justify;\"><span style=\"font-size: 12.8px;\">\"Beban mereka memang lebih berat karena harus siaga 24 Jam, kapanpun dibutuhkan dan diberikan tugas harus siap. Begitu juga ketika ada laporan dari warga yang bersifat segera mereka harus ontime berada ke titik lokasi,\" lanjutnya.</span></div></font></p><p dir=\"ltr\" style=\"text-align: justify; color: rgb(34, 34, 34); font-family: arial, sans-serif; font-size: 12.8px;\">Sementara itu menurut Kompol Suwardi Kapolsek Cikole sekaligus ketua Tim Bulik menyebut jika Tim Bulik beranggotakan tujuh orang anggota polisi yang sudah teruji secara mental dan fisik. Tim Bulik sendiri lahir untuk menekan tingginya angka kejahatan di pusat kota.</p><p dir=\"ltr\" style=\"text-align: justify; color: rgb(34, 34, 34); font-family: arial, sans-serif; font-size: 12.8px;\">\"Kita diwajibkan bergerak cepat ketika terjadi gesekan aksi kejahatan yang terpantau melalui radio polisi, media sosial sampai laporan langsung dari warga. Tim ini juga tak segan untuk melumpuhkan para pelaku kejahatan yang mengancam keselamatan warga maupun anggota yang bertugas,\" bebernya.</p><p dir=\"ltr\" style=\"text-align: justify; color: rgb(34, 34, 34); font-family: arial, sans-serif; font-size: 12.8px;\">Prestasi Tim Bulik yang paling menonjol adalah keterlibatannya dalam memberantas aksi geng motor yang kerap meresahkan warga. Para anggota geng dipukul mundur hingga akhirnya membubarkan diri.</p><p dir=\"ltr\" style=\"text-align: justify; color: rgb(34, 34, 34); font-family: arial, sans-serif; font-size: 12.8px;\">\"Kasus geng motor saat itu cukup meresahkan warga, Alhamdulillah berhasil kita atasi tanpa harus melumpuhkan. Terakhir mereka menyatakan diri bubar dan kapok untuk berbuat kriminal setelah sebelumnya kita buru dan lumpuhkan,\" tandasnya</p>','assets/img/product/57ea281855ffc_IMG-Siaga Lebaran 2.jpg','2016-09-27 15:04:40',0,NULL),(17,'tak-hanya-rumah-makam-warga-juga-terbelah-karena-retakan-tanah-di-sukabumi-','Tak Hanya Rumah, Makam Warga Juga Terbelah Karena Retakan Tanah Di Sukabumi ',2,'<p style=\"text-align: justify; background-image: initial; background-position: initial; background-size: initial; background-repeat: initial; background-attachment: initial; background-origin: initial; background-clip: initial;\"><span style=\"font-size:9.5pt;font-family:&quot;Arial&quot;,sans-serif;\r\ncolor:#222222\">Sukabumi - Paska terjadinya bencana alam pergerakan tanah yang\r\nterjadi di Desa Nagrak Jaya dan Cimentengn Kecamatan Curugkembar, Sukabumi,\r\nJawa Barat tercatat sebanyak 148 rumah warga rusak berat, 91 rumah rusak sedang\r\ndan 39 rusak ringan dan 61 rumah lainnya terancam. Karena masih terasa\r\ngetaran-getaran tanah di lokasi bencana warga dilarang untuk memasuki areal\r\ntersebut.<o:p></o:p></span></p>\r\n\r\n<p style=\"text-align: justify; background-image: initial; background-position: initial; background-size: initial; background-repeat: initial; background-attachment: initial; background-origin: initial; background-clip: initial;\"><span style=\"font-size:9.5pt;font-family:&quot;Arial&quot;,sans-serif;\r\ncolor:#222222\">Wartawan mencoba memasuki areal pemukiman yang mengalami\r\npergerakan tanah paling rawan pada Jumat (29/7/2016), rumah warga yang sebelumnya\r\nberdiri megah kini tinggal puing-puing tembok dan atap yang berserakan. Tak\r\nhanya rumah dan fasilitas umum, komplek pemakaman warga juga terkena dampak.\r\nBelasan makam milik warga tampak menganga akibat bergesernya tanah di lokasi\r\ntersebut.<o:p></o:p></span></p>\r\n\r\n<p style=\"text-align: justify; background-image: initial; background-position: initial; background-size: initial; background-repeat: initial; background-attachment: initial; background-origin: initial; background-clip: initial;\"><span style=\"font-size:9.5pt;font-family:&quot;Arial&quot;,sans-serif;\r\ncolor:#222222\">\"Jumlah keseluruhannya belum dicatat, kita hanya bersihkan\r\nsedikit saja karena karena sebelumnya berantakan akibat retakan yang terjadi.\r\nNisan-nisan juga kita rapikan lagi seadanya karena yang bisa memastikan siapa\r\nyang dikubur hanya keluarganya yang tau, sementara warga saat ini masih berada\r\ndi pengungsian,\" kata Asep Has, anggota PMI Kabupaten Sukabumi kepada\r\nwartawan.<o:p></o:p></span></p>\r\n\r\n<p style=\"text-align: justify; background-image: initial; background-position: initial; background-size: initial; background-repeat: initial; background-attachment: initial; background-origin: initial; background-clip: initial;\"><span style=\"font-size:9.5pt;font-family:&quot;Arial&quot;,sans-serif;\r\ncolor:#222222\">Menurut Asep PMI Kabupaten Sukabumi bersama BPBD, Tim SAR dan\r\nsejumlah sukarelawan berada di lokasi sejak awal terjadinya bencana pada Selasa\r\n(19/7) lalu. Proses evakuasi berjalan lancar meski pada awalnya sempat ada\r\nbeberapa warga yang menolak untuk pindah sementara ke pengungsian.<o:p></o:p></span></p>\r\n\r\n<p style=\"text-align: justify; background-image: initial; background-position: initial; background-size: initial; background-repeat: initial; background-attachment: initial; background-origin: initial; background-clip: initial;\"><span style=\"font-size:9.5pt;font-family:&quot;Arial&quot;,sans-serif;\r\ncolor:#222222\">\"Alhamdulillah tidak ada korban jiwa, pasokan logistik juga\r\nsampai hari ini lancar. Pos kesehatan dan trauma healing untuk anak-anak juga\r\nsudah kita dirikan,\" lanjutnya.<o:p></o:p></span></p>\r\n\r\n<p style=\"text-align: justify; background-image: initial; background-position: initial; background-size: initial; background-repeat: initial; background-attachment: initial; background-origin: initial; background-clip: initial;\"><span style=\"font-size:9.5pt;font-family:&quot;Arial&quot;,sans-serif;\r\ncolor:#222222\">Sementara itu, BPBD menyebut jika Pemkab Sukabumi tengah\r\nmengupayakan relokasi terhadap ratusan KK yang tinggal di daerah rawan\r\npergerakan tanah yang hingga saat ini masih berada dipengungsian.<o:p></o:p></span></p>\r\n\r\n<p style=\"text-align: justify; background-image: initial; background-position: initial; background-size: initial; background-repeat: initial; background-attachment: initial; background-origin: initial; background-clip: initial;\"><span style=\"font-size:9.5pt;font-family:&quot;Arial&quot;,sans-serif;\r\ncolor:#222222\">\"Upaya relokasi masih menunggu hasil pengkajian yang\r\ndilakukan Badan Geologi. Jadi sementara kita tempatkan mereka di sejumlah\r\nlokasi yang aman sampai menunggu keputusan relokasi,\" singkat Usman\r\nSusilo, Kabid Kedaruratan dan Logistik BPBD.<span class=\"apple-converted-space\">&nbsp;</span><o:p></o:p></span></p>','assets/img/product/57ea2a6886f49_Foto Untuk Naskah 5.jpg','2016-09-27 15:14:32',0,NULL);

/*Table structure for table `fn_news_breaking` */

DROP TABLE IF EXISTS `fn_news_breaking`;

CREATE TABLE `fn_news_breaking` (
  `breaking_id` int(11) NOT NULL AUTO_INCREMENT,
  `breaking_timestamp` timestamp NULL DEFAULT NULL,
  `news_id` int(11) DEFAULT NULL,
  `date_from` datetime DEFAULT NULL,
  `date_to` datetime DEFAULT NULL,
  `isActive` varchar(45) DEFAULT NULL,
  PRIMARY KEY (`breaking_id`),
  KEY `news_id` (`news_id`),
  CONSTRAINT `fn_news_breaking_ibfk_1` FOREIGN KEY (`news_id`) REFERENCES `fn_news` (`news_id`) ON DELETE CASCADE ON UPDATE CASCADE
) ENGINE=InnoDB AUTO_INCREMENT=3 DEFAULT CHARSET=latin1;

/*Data for the table `fn_news_breaking` */

insert  into `fn_news_breaking`(`breaking_id`,`breaking_timestamp`,`news_id`,`date_from`,`date_to`,`isActive`) values (1,'2016-09-22 19:45:32',1,'2016-09-22 19:44:05','2016-09-30 19:44:08','1'),(2,'2016-09-22 21:36:13',5,'2016-09-22 21:36:26','2016-09-30 21:36:28','1');

/*Table structure for table `fn_news_comment` */

DROP TABLE IF EXISTS `fn_news_comment`;

CREATE TABLE `fn_news_comment` (
  `comment_id` int(11) NOT NULL AUTO_INCREMENT,
  `comment_text` text,
  `comment_timestamp` timestamp NOT NULL DEFAULT CURRENT_TIMESTAMP ON UPDATE CURRENT_TIMESTAMP,
  `user_id` int(11) DEFAULT NULL,
  `news_id` int(11) DEFAULT NULL,
  `isActive` tinyint(1) NOT NULL DEFAULT '1',
  PRIMARY KEY (`comment_id`),
  KEY `news_id` (`news_id`),
  KEY `user_id` (`user_id`),
  CONSTRAINT `fn_news_comment_ibfk_1` FOREIGN KEY (`news_id`) REFERENCES `fn_news` (`news_id`) ON DELETE CASCADE ON UPDATE CASCADE,
  CONSTRAINT `fn_news_comment_ibfk_2` FOREIGN KEY (`user_id`) REFERENCES `bo_user` (`id`) ON DELETE CASCADE ON UPDATE CASCADE
) ENGINE=InnoDB AUTO_INCREMENT=15 DEFAULT CHARSET=latin1;

/*Data for the table `fn_news_comment` */

insert  into `fn_news_comment`(`comment_id`,`comment_text`,`comment_timestamp`,`user_id`,`news_id`,`isActive`) values (1,'gila keren banget gila keren banget gila keren banget gila keren banget gila keren banget gila keren banget gila keren banget gila keren banget gila keren banget gila keren banget gila keren banget gila keren banget ','2016-09-24 06:23:19',2,8,1),(2,'wah gila ini broh broh','2016-09-24 07:26:42',2,8,1),(3,'haduh ini keren sekali rbroh','2016-09-24 07:47:03',2,5,1),(4,'Jujur aku bingung. Ini sangat aneh, heran, bahkan sangat lucu. Kok bisa jadi seperti ini. Jangankan terpikir, bahkan terlintas saja nggak pernah untuk aku melakukan perbuatan itu. Coba ditelaah dan dipelajari dengan nurani yang baik. Di mana letak menipunya? Tapi aku sangat yakin Allah nggak tidur. Saya yakin dan percaya penegak hukum di negara ini masih punya nurani dan saya yakin masih ada keadilan,\" pungkasnya','2016-09-24 07:48:16',2,5,1),(5,'wkwk borh aduha','2016-09-24 07:49:17',2,5,1),(6,'ujur aku bingung. Ini sangat aneh, heran, bahkan sangat lucu. Kok bisa jadi seperti ini. Jangankan terpikir, bahkan terlintas saja nggak pernah untuk aku melakukan perbuatan itu. Coba ditelaah dan dipelajari dengan nurani yang baik. Di mana letak menipunya? Tapi aku sangat yakin Allah nggak tidur. Saya yakin dan percaya penegak hukum di negara ini masih punya nurani dan saya yakin masih ada keadilan,\" pungkasnya','2016-09-24 07:50:12',2,5,1),(7,'njndkasndasdsa','2016-09-24 07:53:10',2,5,1),(8,'hahaha','2016-09-24 07:53:57',2,5,1),(9,'haha broh baru cantik nih','2016-09-24 07:55:06',2,5,1),(10,'haha keren pisan','2016-09-24 07:57:17',2,5,1),(11,'keren broh :p','2016-09-24 09:11:50',2,2,1),(12,'wahh cool banget artikelnya broh','2016-09-24 10:37:43',2,1,1),(13,'wah sayang sekali gan :( [removed]alert&#40;\'wahsayang sekali\'&#41;;[removed]','2016-09-24 11:05:31',2,11,1),(14,'test euy\r\n','2016-09-27 15:09:54',2,16,1);

/*Table structure for table `fn_news_seens` */

DROP TABLE IF EXISTS `fn_news_seens`;

CREATE TABLE `fn_news_seens` (
  `seens_id` int(11) NOT NULL AUTO_INCREMENT,
  `news_id` int(11) DEFAULT NULL,
  `seens_ip` varchar(50) DEFAULT NULL,
  `seens_comment` text,
  `seens_timestamp` timestamp NOT NULL DEFAULT CURRENT_TIMESTAMP ON UPDATE CURRENT_TIMESTAMP,
  `isLogin` tinyint(1) DEFAULT NULL,
  PRIMARY KEY (`seens_id`),
  KEY `fn_news_seens_ibfk_1` (`news_id`),
  CONSTRAINT `fn_news_seens_ibfk_1` FOREIGN KEY (`news_id`) REFERENCES `fn_news` (`news_id`) ON DELETE CASCADE ON UPDATE CASCADE
) ENGINE=InnoDB DEFAULT CHARSET=latin1;

/*Data for the table `fn_news_seens` */

/*Table structure for table `fn_pages` */

DROP TABLE IF EXISTS `fn_pages`;

CREATE TABLE `fn_pages` (
  `pages_id` int(11) NOT NULL AUTO_INCREMENT,
  `news_id` int(11) DEFAULT NULL,
  `category_id` int(11) DEFAULT NULL,
  `isActive` tinyint(1) NOT NULL DEFAULT '1',
  `pages_timestamp` timestamp NOT NULL DEFAULT CURRENT_TIMESTAMP ON UPDATE CURRENT_TIMESTAMP,
  PRIMARY KEY (`pages_id`),
  KEY `news_id` (`news_id`),
  KEY `category_id` (`category_id`),
  CONSTRAINT `fn_pages_ibfk_1` FOREIGN KEY (`news_id`) REFERENCES `fn_news` (`news_id`) ON DELETE CASCADE ON UPDATE CASCADE,
  CONSTRAINT `fn_pages_ibfk_2` FOREIGN KEY (`category_id`) REFERENCES `fn_category` (`category_id`) ON DELETE CASCADE ON UPDATE CASCADE
) ENGINE=InnoDB AUTO_INCREMENT=26 DEFAULT CHARSET=latin1;

/*Data for the table `fn_pages` */

insert  into `fn_pages`(`pages_id`,`news_id`,`category_id`,`isActive`,`pages_timestamp`) values (1,1,4,1,'2016-09-18 19:08:18'),(2,2,4,1,'2016-09-22 06:08:41'),(3,3,4,1,'2016-09-22 21:06:47'),(4,4,5,1,'2016-09-22 21:07:16'),(5,5,2,1,'2016-09-22 21:07:33'),(6,6,3,1,'2016-09-22 21:07:47'),(7,7,6,1,'2016-09-22 21:07:58'),(8,8,2,1,'2016-09-22 21:08:29'),(9,9,1,1,'2016-09-22 21:09:08'),(10,11,1,1,'2016-09-22 21:09:13'),(11,12,1,1,'2016-09-27 12:36:05'),(12,12,4,1,'2016-09-27 12:36:05'),(13,12,6,1,'2016-09-27 12:36:05'),(14,13,1,1,'2016-09-27 14:48:18'),(15,13,4,1,'2016-09-27 14:48:18'),(20,16,1,1,'2016-09-27 15:04:40'),(21,16,2,1,'2016-09-27 15:04:40'),(22,17,1,1,'2016-09-27 15:14:32'),(23,17,2,1,'2016-09-27 15:14:32');

/*!40101 SET SQL_MODE=@OLD_SQL_MODE */;
/*!40014 SET FOREIGN_KEY_CHECKS=@OLD_FOREIGN_KEY_CHECKS */;
/*!40014 SET UNIQUE_CHECKS=@OLD_UNIQUE_CHECKS */;
/*!40111 SET SQL_NOTES=@OLD_SQL_NOTES */;
